hour,pageviews,uniques
1467702000,5112,1440
1467705600,6192,1320
1467709200,3072,936
1467712800,4416,1032
1467716400,5400,1248
1467720000,7368,1992
1467723600,7584,2040
1467727200,14448,3120
1467730800,21048,4104
1467734400,19320,3864
1467738000,14664,3264
1467741600,15624,2952
1467745200,16392,3240
1467748800,15240,2928
1467752400,21720,2784
1467756000,24816,3552
1467759600,45408,3768
1467763200,96048,8784
1467766800,91992,15816
1467770400,93912,21432
1467774000,111600,25344
1467777600,119808,33120
1467781200,163464,38424
1467784800,134280,32208
1467788400,114984,29376
1467792000,126888,28872
1467795600,112584,25992
1467799200,99048,26808
1467802800,127944,31560
1467806400,151800,35928
1467810000,175008,38400
1467813600,200544,42888
1467817200,224904,47064
1467820800,246456,49296
1467824400,255216,49320
1467828000,255648,48264
1467831600,236064,46296
1467835200,402696,55296
1467838800,417360,64248
1467842400,325608,61824
1467846000,280632,61488
1467849600,251064,54216
1467853200,248160,53040
1467856800,242760,58872
1467860400,278400,66960
1467864000,213552,62472
1467867600,224688,58656
1467871200,239808,61512
1467874800,234528,49800
1467878400,191808,44520
1467882000,167688,39456
1467885600,150528,35280
1467889200,148800,37344
1467892800,185496,42432
1467896400,237624,54096
1467900000,286440,65616
1467903600,365856,77592
1467907200,449976,88128
1467910800,476016,104328
1467914400,681288,122208
1467918000,742608,119640
1467921600,587520,106656
1467925200,581328,110016
1467928800,590544,105432
1467932400,519696,102024
1467936000,554088,95208
1467939600,367032,81912
1467943200,426528,87096
1467946800,432120,90384
1467950400,426264,90288
1467954000,392160,80280
1467957600,360120,70536
1467961200,367968,64008
1467964800,302664,56112
1467968400,250776,48024
1467972000,218472,43752
1467975600,205392,46632
1467979200,225192,57648
1467982800,309456,68928
1467986400,374328,80832
1467990000,439584,89256
1467993600,548952,99864
1467997200,683208,112992
1468000800,627792,114744
1468004400,841152,123648
1468008000,909480,125688
1468011600,766992,118032
1468015200,551616,104616
1468018800,505224,100416
1468022400,529368,100344
1468026000,430872,94104
1468029600,423432,93528
1468033200,495912,100824
1468036800,540984,101928
1468040400,544344,98736
1468044000,506952,89520
1468047600,420144,77328
1468051200,435648,68016
1468054800,358824,58488
1468058400,317976,53256
1468062000,259680,50352
1468065600,302760,56208
1468069200,335040,63120
1468072800,353904,73824
1468076400,436920,90792
1468080000,499344,99312
1468083600,535632,105120
1468087200,582528,108264
1468090800,625248,105768
1468094400,624552,103800
1468098000,608664,110112
1468101600,623712,107352
1468105200,637272,107952
1468108800,614400,103632
1468112400,574152,102288
1468116000,544512,96000
1468119600,559464,98208
1468123200,583944,103080
1468126800,535032,97368
1468130400,543792,94560
1468134000,462768,81720
1468137600,417216,70248
1468141200,377208,61080
1468144800,347640,55248
1468148400,287760,52296
1468152000,280032,55200
1468155600,348480,62664
1468159200,390912,73056
1468162800,422304,83880
1468166400,508080,95736
1468170000,574560,108720
1468173600,575448,113640
1468177200,561960,115440
1468180800,633840,120480
1468184400,693072,130128
1468188000,637080,130152
1468191600,635424,125040
1468195200,694752,130272
1468198800,684264,134040
1468202400,714768,137160
1468206000,824712,150912
1468209600,845496,149112
1468213200,824064,141528
1468216800,757896,120864
1468220400,662280,100152
1468224000,562272,84816
1468227600,473376,72048
1468231200,389352,67536
1468234800,382752,72168
1468238400,418656,82656
1468242000,536760,97416
1468245600,658224,117888
1468249200,719448,136800
1468252800,775728,148128
1468256400,824664,159552
1468260000,932904,173040
1468263600,886224,162696
1468267200,882072,155760
1468270800,967512,162600
1468274400,913560,159792
1468278000,843648,158400
1468281600,767520,147648
1468285200,691992,135984
1468288800,821376,140880
1468292400,883056,147072
1468296000,760392,139296
1468299600,662280,125712
1468303200,601008,107832
1468306800,586008,96216
1468310400,482016,81168
1468314000,435912,72408
1468317600,368184,69672
1468321200,365784,68736
1468324800,414960,78984
1468328400,518376,95520
1468332000,651168,117168
1468335600,753600,133176
1468339200,777672,137904
1468342800,754920,143328
1468346400,779376,142656
1468350000,786144,135768
1468353600,812712,147912
1468357200,811656,153120
1468360800,825600,162072
1468364400,717456,143760